{
  "generator-angm": {
    "appName": "vnfmarket",
    "angularCookies": true,
    "angularAnimate": true,
    "angularSanitize": true,
    "angularMaterial": true,
    "modules": [
      {
        "name": "user"
      },
      {
        "name": "marketplace"
      },
      {
        "name": "about"
      }
    ],
    "menu": [
      {
        "link": "user",
        "title": "User"
      },
      {
        "link": "marketplace",
        "title": "Marketplace"
      },
      {
        "link": "about",
        "title": "About"
      }
    ]
  }
}